,teacher_id,meditation_id,med_list_batch_id,med_list_scrape_date,med_list_scrape_status
0,ladysag77,/guided-meditations/m4m7b2v4d7g0e9n7g0f2c3a8v2v2x4c6e3s2e1k5,108,2022-12-14 04:22:22.625800,meditation found
1,ladysag77,/guided-meditations/c5t3r7t9e1e7x0b6v4y0x8q1d0v8n5p4c2x6s5y3,108,2022-12-14 04:22:22.625800,meditation found
2,ladysag77,/guided-meditations/g2a3g0k5e6w8j5h5c1k8y8m5s5t8s8u9b7m7d5f0,108,2022-12-14 04:22:22.641452,meditation found
3,michaellanglois,/guided-meditations/u9t3e0s9b4h7n3d8j9b8a9l2t0y0q4f5c7l3j3q2,108,2022-12-14 04:22:44.786461,meditation found
4,michaellanglois,/guided-meditations/j0n7f0q7r7l0j9c1h1y1y6t6t5u7b7d7d6h0e8z6,108,2022-12-14 04:22:44.786461,meditation found
5,monica_reyes,/guided-meditations/n3u8y2a4v3a1d2g6n2z3g0v2l5d9m1h5u9l9f8f1,108,2022-12-14 04:23:07.066023,meditation found
6,monica_reyes,/guided-meditations/a6b9v8v6n4d2a4k1t8c2a1y8p8v2d8q0p5d8l2b3,108,2022-12-14 04:23:07.066023,meditation found
7,monica_reyes,/guided-meditations/q2b0y3j6e7r0t7u0n1p2u5k3v5z9r7v0a1c7n7n8,108,2022-12-14 04:23:07.066023,meditation found
8,marleen,/guided-meditations/r5h6f5q0h9m1s1p9b5l7j1a7n5g9j3h4c7p1k0a1,108,2022-12-14 04:23:31.266821,meditation found
9,marleen,/guided-meditations/v8p7x4f9f0f1t6g6c4s0e1y4j5g0p6q7b4k6q5q5,108,2022-12-14 04:23:31.266821,meditation found
10,marleen,/guided-meditations/g5h9y3y4v1p6x0v0c8s9j0a2l8r0w7h7u7b9n7s1,108,2022-12-14 04:23:31.266821,meditation found
11,kindfulpsych,/guided-meditations/b8x3h5e5j5z7u2c5q8a2b7n4j7w3x0z5a5v2t4a8,108,2022-12-14 04:23:53.207335,meditation found
12,kindfulpsych,/guided-meditations/j7x2j6q3e5r5n1f3l8z7v3b1z9n2c5b9q5g4t6h6,108,2022-12-14 04:23:53.207335,meditation found
13,kindfulpsych,/guided-meditations/g7r8q3h6w9c1j6j5h1y1f5s4h8n7b7y1r5j2h9d8,108,2022-12-14 04:23:53.207335,meditation found
14,mitchmindfulness,/guided-meditations/a3t7n3u9q4q9s7c8e6u7s8a2j7f2a3n5w4s7x0h0,108,2022-12-14 04:24:17.489692,meditation found
15,martinsummerfield,/guided-meditations/a2p3y7j6u5f7a3y9g1q5h1p4v7z4m4m2l1g6a1l6,108,2022-12-14 04:24:57.910707,meditation found
16,martinsummerfield,/guided-meditations/d2e9n1q8w1c0s9t2y7j1n6g0y0u3n7t2g0x4c1v1,108,2022-12-14 04:24:57.910707,meditation found
17,martinsummerfield,/guided-meditations/k7s2y8q8h6p0d6q5x9h1f8e1d8c1s8c2p6g8f5c3,108,2022-12-14 04:24:57.910707,meditation found
18,martinsummerfield,/guided-meditations/v8m0u0w9j6k2g3g0g3w2h9u6c3f1v6m7m8v7t9q9,108,2022-12-14 04:24:57.910707,meditation found
19,martinsummerfield,/guided-meditations/v0g9t2h2e3s0c0x7e8e3r5y6j3p4f5u0p6w8k3c4,108,2022-12-14 04:24:57.910707,meditation found
20,martinsummerfield,/guided-meditations/w7h1b9q0g6a5j5d7r5c4j7u4z6v7x2u2b0z6a5s7,108,2022-12-14 04:24:57.910707,meditation found
21,madelainefisher,/guided-meditations/a1s2g8x7b4g1t6c9b5x9c2q4p2w8p4f2c5f6n2m3,108,2022-12-14 04:25:19.984505,meditation found
22,madelainefisher,/guided-meditations/s6r5k4c7y2j8t7w9e3v7z3k4k7a0c7h4y6b9c6h0,108,2022-12-14 04:25:19.984505,meditation found
23,morganthomas,/guided-meditations/q3r3p0q2r6a8w8q7j3t3a4a8m5y6x6f1q6k0h1d3,108,2022-12-14 04:25:42.171860,meditation found
24,morganthomas,/guided-meditations/e5s5x1t6s5c7v2e6w4v6m9j1v9g9r1v1t7a6r0u3,108,2022-12-14 04:25:42.171860,meditation found
25,morganthomas,/guided-meditations/z0z6r9z7v9a7k2j0d5s0u6c0b1u6s6s8k4m5z4c8,108,2022-12-14 04:25:42.171860,meditation found
26,morganthomas,/guided-meditations/g5k5q8p2g7p6j1x5u1m7z3z9p5d1d3g5q2y8n1c6,108,2022-12-14 04:25:42.171860,meditation found
27,morganthomas,/guided-meditations/h0x0u0s3d1q0x6c5d4k3y4n5k8b4q0q6t1l1e6d4,108,2022-12-14 04:25:42.171860,meditation found
28,morganthomas,/guided-meditations/f4p4m4m0f9p7j5r7l9c9q7f6n8u3y3y1d1u2y8h8,108,2022-12-14 04:25:42.171860,meditation found
29,mamakarpotheka,/guided-meditations/h6s0n9d1d7z9x4d1q7g3u9n6e0l7g6j9c0w4w7w9,108,2022-12-14 04:26:06.258762,meditation found
30,mamakarpotheka,/guided-meditations/e7n6t2w0b7p2c5s2f9y2h8b3f7p7p4h3d2m1a3w6,108,2022-12-14 04:26:06.258762,meditation found
31,mamakarpotheka,/guided-meditations/u2s2x6a7r8u2g5k1k2t3t1s9f9d8j3h1n4j0e2x2,108,2022-12-14 04:26:06.258762,meditation found
32,mamakarpotheka,/guided-meditations/d7l2d9b2g4n4g1s0r7f3s6g7d4g8d8q6y6q2r7m0,108,2022-12-14 04:26:06.258762,meditation found
33,theelevatedlifesoulciety,/guided-meditations/b7a3l4c7p6r1r0n2r6a0x8s4m4f0g8u5n0r6b5n0,108,2022-12-14 04:26:11.988784,meditation found
34,theelevatedlifesoulciety,/guided-meditations/t4e3f5c5h5t1a1x9u8n9j2x9f9t5m6c0d0y7z8y9,108,2022-12-14 04:26:11.988784,meditation found
35,manonvdhaterd,/guided-meditations/q4c4s6q9h9r9g4t7p8h7s5r4r3f9r8z8a7t1d2x5,108,2022-12-14 04:26:35.779309,meditation found
36,manonvdhaterd,/guided-meditations/z7a9k6g5j8d3w7y1d6d7f1b7d9h7c4h8f2s8p1w1,108,2022-12-14 04:26:35.779309,meditation found
37,manonvdhaterd,/guided-meditations/e6c9e0e4k7c8p7k0z2l3d0h7y4m1r2p0n7y5n5y9,108,2022-12-14 04:26:35.779309,meditation found
38,medistation,/guided-meditations/b2r6y4t5m4q5y4y9b0j5k1z0z8p9y7p3j8f3t2u5,108,2022-12-14 04:26:57.764530,meditation found
39,medistation,/guided-meditations/d6l3r2z9k0h6e7c0x5m9z6n6s3t1s7h7p5d1x5q5,108,2022-12-14 04:26:57.764530,meditation found
40,medistation,/guided-meditations/q7c1r8y0e9z4q9k7x8r3q2m8u6z4n3z0q9r5d1u3,108,2022-12-14 04:26:57.764530,meditation found
41,medistation,/guided-meditations/t6k8m0n1c1d7g1s1j8p5y1h2j6y0r6a7r9y1t8c8,108,2022-12-14 04:26:57.764530,meditation found
42,medistation,/guided-meditations/m6x2e1u0j9r6k9f8a5u0g7f2k8r5p3t6h7c2u3q1,108,2022-12-14 04:26:57.764530,meditation found
43,medistation,/guided-meditations/y8k3f5s8f7y8n5s7p8r7z8f1c9y7x6b2w8q5z9n0,108,2022-12-14 04:26:57.764530,meditation found
44,medistation,/guided-meditations/p7t7d0j2y7g2a6k4j2s0q5k2u7q5m4h2e6m5y9l7,108,2022-12-14 04:26:57.764530,meditation found
45,medistation,/guided-meditations/e6f7p1k8k3a1c4x9s3x3m0y7d8c3c7m0s4s8j5c3,108,2022-12-14 04:26:57.764530,meditation found
46,medistation,/guided-meditations/n5u2x4v9v9l1e5r1m0y4x0p1e1v1c6f4r2g6s8a2,108,2022-12-14 04:26:57.764530,meditation found
47,michelle_s,/guided-meditations/u0h4g1q1n1v5h6u4j6r4g4g6k8t7y1y9v6c3h6e6,108,2022-12-14 04:27:19.696872,meditation found
48,maga,/guided-meditations/m2s1t6w6w8z6g4b6m8j1p4e0u9s2m3k6g4d4x8e1,108,2022-12-14 04:27:43.473091,meditation found
49,maga,/guided-meditations/r0d9n6s2y7v9w1t5n1h0b9w7v6q0m5s2s1s1j3l7,108,2022-12-14 04:27:43.473091,meditation found
50,mclarkharp,/guided-meditations/x6m4h5q7f2q4m7a7t9r2c8e1z1b4m9p8g6e1d0m9,108,2022-12-14 04:27:49.584916,meditation found
51,mclarkharp,/guided-meditations/g9b4b9e5u6f8e2b5h6c4r8e1x0d9w8x0g5q1y5b4,108,2022-12-14 04:27:49.585916,meditation found
52,mclarkharp,/guided-meditations/f5h1j4p0g1h9q9k5y9j7v8b2g3f7x5v3j1c3m6u5,108,2022-12-14 04:27:49.587241,meditation found
53,mclarkharp,/guided-meditations/b7a3h8p9r8f4s7s2c3d6f7t1v7j5d1x2v3s2k0x0,108,2022-12-14 04:27:49.587241,meditation found
54,mollystevens,/guided-meditations/p0j1f5w7t4d5k6k2w5n8l0p6l1t3j2t4v7f5f1s9,108,2022-12-14 04:28:13.793867,meditation found
55,mollystevens,/guided-meditations/q3e4p5n9e7g9f5k8y4d2n5t7n9a7d5f7w1y9e4g6,108,2022-12-14 04:28:13.793867,meditation found
56,mollystevens,/guided-meditations/g8b3w7t4g1u0v9k6j8q5q6g5b2s6w0a6m2q2a0h9,108,2022-12-14 04:28:13.793867,meditation found
57,mollystevens,/guided-meditations/v0a9p0z4z3r1d9r1y3h1b3d3g0b5e2g3c2q8u7e4,108,2022-12-14 04:28:13.793867,meditation found
58,momentorespiro,/guided-meditations/b5s9r2w7p0q0f8v0m6e6s1h8m4m9z8w0h0x8p0b5,108,2022-12-14 04:28:35.714602,meditation found
59,momentorespiro,/guided-meditations/k7n6p7r8s8w6e9d5e4r6x1w8z7a8n4j2k6p5m8m1,108,2022-12-14 04:28:35.714602,meditation found
60,momentorespiro,/guided-meditations/d6f9u8h5a0b2r8y4r2q3z4x5n6m6r4v8h8t3k9h4,108,2022-12-14 04:28:35.714602,meditation found
61,momentorespiro,/guided-meditations/s2d4t9b4s6y8v7k8f3n3e1w7d6n1a7n3c5y3d2n8,108,2022-12-14 04:28:35.714602,meditation found
62,momentorespiro,/guided-meditations/z1d6b4f2a0y5u8z2q2h2e0a5h5m8l3b8g0y0m7m6,108,2022-12-14 04:28:35.714602,meditation found
63,meditationmirco,/guided-meditations/m9f2d2q1y8n9g8j3m4m1t9d6u0h8y7p2d2f7f0a8,108,2022-12-14 04:28:59.978594,meditation found
64,meditationmirco,/guided-meditations/g4z0a6n9s0z3f9y3u9p0a2s8k8r6x2s4b5m3e0m3,108,2022-12-14 04:28:59.978594,meditation found
65,meditationmirco,/guided-meditations/t0u3g3c1d4v8b5q1m9r6h9t1g6r9l4k6m1d4a2q4,108,2022-12-14 04:28:59.978594,meditation found
66,meditationmirco,/guided-meditations/z4k9a3h9a3f7a7q7k9s2j7p2j0k3t8t6k2b3q5b5,108,2022-12-14 04:28:59.978594,meditation found
67,meditationmirco,/guided-meditations/p0e0w6c7v9t0q1f3u9n4k1c1e1b6h6j1b3q1n9s2,108,2022-12-14 04:28:59.978594,meditation found
68,trombonhero,/guided-meditations/t1l1k1a2j3m2r3q1a5v8g0q3y4y0d6q5b4n8f6z7,108,2022-12-14 04:29:22.275672,meditation found
69,trombonhero,/guided-meditations/f1x7w0p3t5r5p6l1f3h8x9j7r1j1e9t0q3k6f2k9,108,2022-12-14 04:29:22.275672,meditation found
70,megancaper,/guided-meditations/b0p9w6p7p6q9f3e9m3t6q9z0f2h2b5j7c2t6s0z0,108,2022-12-14 04:29:28.204183,meditation found
71,megancaper,/guided-meditations/d2s8f4f3q8g0g5n4v1z3n2m6y8p1u8n4k5e9c1e1,108,2022-12-14 04:29:28.205201,meditation found
72,megancaper,/guided-meditations/c3s2h6b7t9c9u7x2d1r3d4s3b9b5d2t0t8g5a7m4,108,2022-12-14 04:29:28.206197,meditation found
73,megancaper,/guided-meditations/q5s7w5y9r6t8v5y9r4p5s3g4n8t6c8y7z1w6s4t3,108,2022-12-14 04:29:28.206197,meditation found
74,meganannellis,/guided-meditations/s7d9b0h4b9v8e3l9b8d1a2g1v1f8t6d7n8u9v9s5,108,2022-12-14 04:29:52.164656,meditation found
75,meganannellis,/guided-meditations/t3g6y7e5s3t7j6l2a9n8r7q2b9a9a0d1k2d7f3w8,108,2022-12-14 04:29:52.164656,meditation found
76,marilynvigneron,/guided-meditations/p4c2g5x6g7d4e4n7m4d8t5w5r6z2c9e3t2q4q8e3,108,2022-12-14 04:30:14.209765,meditation found
77,mariajuliawalker,/guided-meditations/f5x1u0e0r7e5x6w9c4n7y8e2n6m8l3x1m3u6u7x7,108,2022-12-14 04:30:38.642969,meditation found
78,melenie,/guided-meditations/f3v6z6r0g2q2a3d6b3p6x0y6j2z1g2z0s4v9d8j8,108,2022-12-14 04:30:44.341147,meditation found
79,melenie,/guided-meditations/p2s2a2a2d4s6z4g2d1n7z5x7z6d3w3s9s8n5t3k4,108,2022-12-14 04:30:44.341147,meditation found
80,marireisberg,/guided-meditations/c0a7k4t2f6y6t0v3z5b3a5w4w8t9v7w2n2b8x4y9,108,2022-12-14 04:31:14.671636,meditation found
81,marireisberg,/guided-meditations/r7r3w4e4b2b7e2b9z4l4g2g2d5w1t4y9s9g9q9d8,108,2022-12-14 04:31:14.671636,meditation found
82,marireisberg,/guided-meditations/j8v3n0z8a0s7n4n6x0f8q6f9j3u1d1s8u4p1u2w2,108,2022-12-14 04:31:14.671636,meditation found
83,marireisberg,/guided-meditations/d8z6t6b2d2y4y2d0r0b2n7z5p9v2l1x4b8v5d8k0,108,2022-12-14 04:31:14.671636,meditation found
84,lovegrowingmama,,108,2022-12-14 04:31:33.423136,meditations not found
85,brilliance,/guided-meditations/t8m3t8s9b5f9d7k5c0f4f6x9f7m4z8e6s6g4p1q9,108,2022-12-14 04:31:57.302094,meditation found
86,manuom,/guided-meditations/h4g6h9t6q8h6z2a8p3d9b1m2g9x2w8a8t9e6z5r9,108,2022-12-14 04:32:19.166444,meditation found
87,manuom,/guided-meditations/v3r1z1a1d6j2s2b0h4g3l8r8z6k3z1e3s0p6y9r9,108,2022-12-14 04:32:19.182072,meditation found
88,honeybeeheals,/guided-meditations/n8e2h4a0d9u9k9d6e1w2n3k2e0g1q5l6c5k8w9e4,108,2022-12-14 04:32:43.073464,meditation found
89,honeybeeheals,/guided-meditations/r6v1z3d9p0s8u7u9w9m9d7y0r1u4s0y6y8s7n6a8,108,2022-12-14 04:32:43.073464,meditation found
90,honeybeeheals,/guided-meditations/t2k5k3x2f3s9m6s1u9x6z3f6e5n9d1u0m7q6z2e1,108,2022-12-14 04:32:43.073464,meditation found
91,honeybeeheals,/guided-meditations/v4y8f7q2w1b3j6b8p6l3j0j1e0b5z4a3y5e8w4d8,108,2022-12-14 04:32:43.073464,meditation found
92,honeybeeheals,/guided-meditations/z9b5j6g8q5u8v2j1w6p6d5q2m2g8f5x4m2n4a9v0,108,2022-12-14 04:32:43.073464,meditation found
93,magdalena_innerspace,/guided-meditations/f4v2e7y0t8j2k0y2a9f4z7r3z5b7d9j4s3q8t2t0,108,2022-12-14 04:33:04.829942,meditation found
94,magdalena_innerspace,/guided-meditations/p9p2p2l3y2a0y9a7n5a3c4e9a9l8p6h0u6y7m8h6,108,2022-12-14 04:33:04.829942,meditation found
95,michellerider,/guided-meditations/w6j7c4c1k7w9r4z9c4q3m7s8e2v3r1m0t1y0n1e2,108,2022-12-14 04:33:28.982966,meditation found
96,maryna_oneness,/guided-meditations/v5j3j3u2v9z9h5y5n3w0r7h9c5b3u6e3t7x5p8w1,108,2022-12-14 04:33:50.961940,meditation found
97,maryna_oneness,/guided-meditations/x4n3t2z8q0k2a2p6p4g4u3l6a6a6e8v5s4k8s8b7,108,2022-12-14 04:33:50.961940,meditation found
98,meganehenrycoach,/guided-meditations/f5f0c1l1h8g6n1r6l3x9k9s8a0g1y1x5r9w4p6d2,108,2022-12-14 04:34:12.727133,meditation found
99,meganehenrycoach,/guided-meditations/n6a1d6v3d8y0y0w5t0p3b7r0s2r1e2n5c5e5q4d3,108,2022-12-14 04:34:12.727133,meditation found
100,meganehenrycoach,/guided-meditations/z3q2r1j6k4t4s4k3b3f8x5e5v4n3g3f8n8c1t3t4,108,2022-12-14 04:34:12.727133,meditation found
101,meganmccarver,/guided-meditations/m6k3t2p5t7a7n9h2e6y0z6e6c9q8w1y4k1p3k9z2,108,2022-12-14 04:34:36.649619,meditation found
102,meganmccarver,/guided-meditations/y2p0a4b0x4j5x3l4h5f3r6a8g2m2u0p4n5a5w4h2,108,2022-12-14 04:34:36.649619,meditation found
103,martino,/guided-meditations/f1a2s6s2m8u7z1y4m7g3w4y4y7m4b8z5f1t7u1w4,108,2022-12-14 04:34:58.359139,meditation found
104,michaelsteigeryoga,/guided-meditations/g0h3h5a3f0w3w1s5w2a3s4t4c9u4v7y4f1a2s4a2,108,2022-12-14 04:35:28.125378,meditation found
105,michaelsteigeryoga,/guided-meditations/s8x1f2c3s3p4p8z7d4g7w9m9m4c8h4t1t9z8h4u4,108,2022-12-14 04:35:28.128440,meditation found
106,pub11568962,/guided-meditations/e0u4f1j8z0a3j5j6d9r1q0f7e8q6v4e9g6m0t1q1,108,2022-12-14 04:35:36.514181,meditation found
107,pub11568962,/guided-meditations/x5y4p4q7c8m6h4n4w6c2x1y3s9r0t5f3n3e0t5h3,108,2022-12-14 04:35:36.514181,meditation found
108,pub11568962,/guided-meditations/a3j1n3r8c7j8f4g0b6j6f8t7b3e9k0r8y2z9g7j7,108,2022-12-14 04:35:36.514181,meditation found
109,pub11568962,/guided-meditations/j6b7q8f3r2n1s9y9j4t1b6z3u2v7b0x8x1c2n8d7,108,2022-12-14 04:35:36.514181,meditation found
110,mutishan,/guided-meditations/n8f3p3j9e0h3y9r0b4w4c7r6h1t8n8y9d0f4n1w0,108,2022-12-14 04:35:45.938521,meditation found
111,mutishan,/guided-meditations/l5m4f8m4h8z6n6j6u4p7c2w7z0g1q4g8x6v6m6z1,108,2022-12-14 04:35:45.938521,meditation found
112,mutishan,/guided-meditations/h2x3w2d2c9v4a6q0v8k9q7p2v0k0e7c7q4w8a6y9,108,2022-12-14 04:35:45.938521,meditation found
113,mutishan,/guided-meditations/l9f2a1a6k2n3h4a8s0q9c7n2u4k0b8q7t7y6q5y7,108,2022-12-14 04:35:45.938521,meditation found
114,doctoraleticia,/guided-meditations/f0e6d2z8k2k7a4v3b7a3y0c7q2b0e0u3m2y8u8c8,108,2022-12-14 04:36:10.025421,meditation found
115,doctoraleticia,/guided-meditations/s2r9v7u9f7s9c4h7m7q3c7k0w5r4b0f8n8z0j5c1,108,2022-12-14 04:36:10.025421,meditation found
116,yogi_search_for_love,/guided-meditations/u1z5a6t0x0a6p6d7w2p7u7m5c1p0d6e2k8m5n8p7,108,2022-12-14 04:36:31.964647,meditation found
117,persephonessister,/guided-meditations/u5d2d0y4k8s2g9k2w8m8m5k6c0v3a7q5u5u0d5u5,108,2022-12-14 04:36:53.777835,meditation found
118,yogaofmusic,/guided-meditations/w1n3v7a5d0t4g9b9q2h8z0d2r8u3c0j7h3j0l1f9,108,2022-12-14 04:37:01.673652,meditation found
119,yogaofmusic,/guided-meditations/t5k7e0y3l4u2y8s6r0g0u3k5a1t2d6x5z8z3e4u7,108,2022-12-14 04:37:01.673652,meditation found
120,yogaofmusic,/guided-meditations/v7j1m4y1w2t3t9n8d1v6h7y7p4h0f6n1g2y2j6b4,108,2022-12-14 04:37:01.673652,meditation found
121,manas_ram,/guided-meditations/k9x5l2e6h6j5a6p4z2d2d6x5t6s8z6w3z5c6d5u0,108,2022-12-14 04:37:23.864830,meditation found
122,manas_ram,/guided-meditations/s0u9m2s5s8d2w1e2g9m3t6s0s7m0d5v9q7f8a8a2,108,2022-12-14 04:37:23.865824,meditation found
123,manas_ram,/guided-meditations/e3f5q2j3m8v0f8p6e6h8q6e0s3g4a9b4b5l3p8b9,108,2022-12-14 04:37:23.866827,meditation found
124,manas_ram,/guided-meditations/v0t7a9u5g6c0d6r1c1h6p0r1b8p2x4h6w3a2u8c8,108,2022-12-14 04:37:23.867795,meditation found
125,manas_ram,/guided-meditations/n6f7e1d3z4h7w0p7g9b8e2u0x1u7j0r1g1m1q0c6,108,2022-12-14 04:37:23.868787,meditation found
126,monica,/guided-meditations/y2w2a2p8f2u7l1s3y2b8e0s5m5q5h5n6w1v3g9c9,108,2022-12-14 04:38:09.986187,meditation found
127,monica,/guided-meditations/m2r6r9a8u0h0z2m0g0s5m5p9e0y2p3u3j7w8y9n8,108,2022-12-14 04:38:09.987145,meditation found
128,monica,/guided-meditations/s2c7v0j7c4e6g6e8y2v4x8z8g1b3m4v7x2u6x7u8,108,2022-12-14 04:38:09.988215,meditation found
129,monica,/guided-meditations/x8e2j8x5r4e3j3u4h5g3m3y1z3q6t4s8l7p1x4e3,108,2022-12-14 04:38:09.989200,meditation found
130,melkertellus,/guided-meditations/v0a3g4n1y5k9u8q8w8u3h3d8r4l9a8y0x6b2e8s2,108,2022-12-14 04:38:15.578408,meditation found
131,kindpact,/guided-meditations/s9b2a6f3a4z1u0t2t6n6x8e9y0p7f9q4n6p7q9f9,108,2022-12-14 04:38:37.825862,meditation found
132,kindpact,/guided-meditations/e3z4f3a0h3x6n6n6f3w2l5z3k8w6n1m7n2t5s3z7,108,2022-12-14 04:38:37.825862,meditation found
133,mariapellicano,/guided-meditations/n2a3q8v9a9s0q5c6c6x8h7j8v2e8c9f8t6b7s2t8,108,2022-12-14 04:39:02.042330,meditation found
134,mariapellicano,/guided-meditations/a6k3g0z2r4t3q8n8y8b3b3h2b5t1k1n2u9c2h0a6,108,2022-12-14 04:39:02.042330,meditation found
135,mariapellicano,/guided-meditations/r0x2e3j5t2c4z0p7c0h6f5t9e7n1z6f0u4v8s1p1,108,2022-12-14 04:39:02.042330,meditation found
136,mariapellicano,/guided-meditations/n9j2z5a9x5v7j8l4z7j7f0u8p3h0e2n4d9d1y3d1,108,2022-12-14 04:39:02.042330,meditation found
137,mariapellicano,/guided-meditations/r1v8a0h7f9t6m0f6r6z7c0y7p4a4h3a2x7b5y4q6,108,2022-12-14 04:39:02.042330,meditation found
138,mariapellicano,/guided-meditations/e7y5h4x0s1h7x0c2u4w2j6w9p4p1b0f6z2t5p7h4,108,2022-12-14 04:39:02.042330,meditation found
139,mariapellicano,/guided-meditations/t4h9b7s7u4k4f6m1n3u1s8z3x2g6j7n5s1x9s0w0,108,2022-12-14 04:39:02.042330,meditation found
140,mariapellicano,/guided-meditations/u6q3f0k3q3z9s5g3q3p6u7g0w2v7k8t0g1g1v7k9,108,2022-12-14 04:39:02.042330,meditation found
141,mariapellicano,/guided-meditations/t3w1p8j8g4c4a2c1g1j9a8v9f6e7t2v4s6w0s2k2,108,2022-12-14 04:39:02.042330,meditation found
142,mpack65,/guided-meditations/e8r8q6b8f1r9k8x2g2g5z0g3k3s1y1w3u2n1f6b2,108,2022-12-14 04:39:07.887765,meditation found
143,mpack65,/guided-meditations/v1g0z0x4c6w0q7u6s5g0p5f8x0t1f8e1j7c0s1t5,108,2022-12-14 04:39:07.887765,meditation found
144,mayamazing_breathes,/guided-meditations/x1n1f9y3a6r9m2z6k0y9m3c3x5m6y7z9g8t8y2y9,108,2022-12-14 04:39:29.981491,meditation found
145,mayamazing_breathes,/guided-meditations/v6u7d0z7j9e9h6g6p8p2r1y3b7j0r8p7w1w8b6k8,108,2022-12-14 04:39:29.982495,meditation found
146,mayamazing_breathes,/guided-meditations/k8d3r1m5c3l6y2u1v9b8k6b5a0j8h3l8b6x6h1r6,108,2022-12-14 04:39:29.983473,meditation found
147,mayamazing_breathes,/guided-meditations/x9w7e2k0g3s1p0s3m0p4t6k2d2p6g0r8a1x6z9b2,108,2022-12-14 04:39:29.984446,meditation found
148,michelleinsight,/guided-meditations/w3k2e3w2a2c2j5p9a2s5y4p3a2d2c3e6n9r8r2z2,108,2022-12-14 04:39:35.851453,meditation found
149,melanimassey,/guided-meditations/w9y7k4m0w8v3c6q3y4y7m1f2b3w3m9w8t7z8q6w8,108,2022-12-14 04:40:00.066277,meditation found
150,riza,/guided-meditations/r2u8h9q9e7d0f1y7g9k7m1f6b9u7t9x5h3y3u1z2,108,2022-12-14 04:40:05.949630,meditation found
151,riza,/guided-meditations/l6u7a8e0p5a7b4q0m0r0c3y8y0z7w4q9a8u8u4d4,108,2022-12-14 04:40:05.949630,meditation found
152,riza,/guided-meditations/t8h7b5n6u0e6d6d3a5t6k4f7f4v4e3m4h7y7w4y7,108,2022-12-14 04:40:05.949630,meditation found
153,riza,/guided-meditations/g7x1g0c4z3e6y2w7h1e8s2k2p6y3j2m5x7h2w4d0,108,2022-12-14 04:40:05.949630,meditation found
154,riza,/guided-meditations/m9s7s2k0v0e4t6m0m4v3h5m4n0g0a3e2f7e6t0f4,108,2022-12-14 04:40:05.949630,meditation found
155,mindfulnesstree,/guided-meditations/w4p6g4d5t5s2e1u6u4e0d1u6z0w0h0j0q8z6a8d7,108,2022-12-14 04:40:29.890546,meditation found
156,mindfulnesstree,/guided-meditations/x2p6l7e3l0g5h6b1z8h0a0d2u7j7y9p6e7z8v5c6,108,2022-12-14 04:40:29.890546,meditation found
157,mindfulnesstree,/guided-meditations/r1p2k3h7c2a6s9g7k1c7v2j0e4e6g0q8z1v2n1z7,108,2022-12-14 04:40:29.890546,meditation found
158,mindfulnesstree,/guided-meditations/s5z9j7q7c8f1u7x5n0p4g8r4f8c9j7j5c5c4h7w8,108,2022-12-14 04:40:29.890546,meditation found
159,marlydeoffaon,/guided-meditations/n8h1t0e3k6s0h3y8d6e2t4q6t1w1h1x3x1k1d8f0,108,2022-12-14 04:40:51.769085,meditation found
160,marlydeoffaon,/guided-meditations/g3g4u8b2z4e8n1n7k5u8s6r9n6w0k6v6x5g7p9z6,108,2022-12-14 04:40:51.769085,meditation found
161,marlydeoffaon,/guided-meditations/g7a9w5x8l6t6n9r4u2p3l2g4p1k9j6j6e2w4m8v5,108,2022-12-14 04:40:51.769085,meditation found
162,adhd_yogi,/guided-meditations/k7q8r6x4k6z4m5s1u3x8v7c5d9p1h0e9f1m1h3v3,108,2022-12-14 04:40:59.450449,meditation found
163,adhd_yogi,/guided-meditations/w7z4k6p8s8r7p6v1s8r9b1u0b9b3d6w3x2d1y4k1,108,2022-12-14 04:40:59.450449,meditation found
164,theartofembodiedliving,/guided-meditations/e9c6f6d8b5x8z6g8g4b2t9c5y2m7n5y3r6f6s1h0,108,2022-12-14 04:41:21.265164,meditation found
165,theartofembodiedliving,/guided-meditations/d4u6w1x3y8u8s4h9a1t9m2f2z4u8v2r5h8t5y3d3,108,2022-12-14 04:41:21.280715,meditation found
166,theyogicounsellor,,108,2022-12-14 04:41:40.072956,meditations not found
167,melissakcorter,/guided-meditations/a1d6c6b9e2v7u4h4g1w5d2f3a8w0p7g5u6p5c7z1,108,2022-12-14 04:42:01.919072,meditation found
168,marmeliko,/guided-meditations/w4x2d0d1k3s1t3k3q5v5q8a2l0n6b9d4d7c2b0u4,108,2022-12-14 04:42:27.618439,meditation found
169,melanie,/guided-meditations/c3c7d3n0v2a1k2n5n5m7h7s2e6f0d3j3l2j8u5t5,108,2022-12-14 04:42:49.605599,meditation found
170,melanie,/guided-meditations/e4y0h2w1e1l0k1j6f5s2r7m9f3h9r7m6y2w9w3x6,108,2022-12-14 04:42:49.605599,meditation found
171,maggielove,/guided-meditations/y4e5r1h9s9c8h8t0p3q3h8c8p2x2z3b2h9x8j3x0,108,2022-12-14 04:43:13.434921,meditation found
172,maggielove,/guided-meditations/u5h4g3l6w0v0n3n6r5k3x5k5v9d1b5q1g6c3g3d6,108,2022-12-14 04:43:13.434921,meditation found
173,maggielove,/guided-meditations/w1u1j8n6y7w7t2q1d2e5q1u2l7g7z9c4q5v2l1b9,108,2022-12-14 04:43:13.450643,meditation found
174,litfromwithin,/guided-meditations/l7b1x0p8v7u0s6s4l6e5x9v2j5b0c5v2v0p3y9u9,108,2022-12-14 04:43:57.394134,meditation found
175,litfromwithin,/guided-meditations/f3j2q4m0j3k3z3s0z2v9k0c6z1u7a1l3c3b4u3v8,108,2022-12-14 04:43:57.409731,meditation found
176,drmarclandry,/guided-meditations/x1h7n4h2c7h7d0n6p6k8k3w9n7k0n4v3t9u6n3r9,108,2022-12-14 04:44:19.202208,meditation found
177,drmarclandry,/guided-meditations/u5e4l9a2t0j1s4t1x8k7w4h2z6e0u5f8h2d5n2s1,108,2022-12-14 04:44:19.202208,meditation found
178,drmarclandry,/guided-meditations/p0n1a8n0p6e3n0z2t9q4y8k1k0y3b6m0h2d1x7v4,108,2022-12-14 04:44:19.202208,meditation found
179,drmarclandry,/guided-meditations/v8r6v2w1u5w3u1q9q5k0t3u0k0e5c2s8y7m0c8e3,108,2022-12-14 04:44:19.202208,meditation found
180,drmarclandry,/guided-meditations/h3j6f8t8r6h7e5q9v7m0v7d0u7n6v8f9j9f0t0q1,108,2022-12-14 04:44:19.202208,meditation found
181,drmarclandry,/guided-meditations/s2z2u5f8f2c2j4w5t5p3c4z0f7h0y5c0u2y1q2b1,108,2022-12-14 04:44:19.202208,meditation found
182,mysticinspiration,/guided-meditations/e6v2s2b0d3w7y5z7u2k7z8a0u9h5k1e3f7d0q7a4,108,2022-12-14 04:44:43.095660,meditation found
183,michaeldlorsch,/guided-meditations/s0a7p1d1f6x0q9w0e7m5h8v8k0y9h2l3y6j9u9y0,108,2022-12-14 04:45:05.112166,meditation found
184,michaeldlorsch,/guided-meditations/m9n6r0a2n4j7s7j2z4j3u9t3x4u3d8l0h0s6w2b9,108,2022-12-14 04:45:05.112166,meditation found
185,mirandaruthgillloves,/guided-meditations/x9q9t1e1g2h6v1x7j2v5z1p9z5s3h3b9d1s1k7k4,108,2022-12-14 04:45:26.986662,meditation found
186,manuelamotaribeiro,/guided-meditations/s3f9r0u5q7h8e7f4h2p4b2k9g6q3z8j5t9p1w8p4,108,2022-12-14 04:45:53.274987,meditation found
187,manuelamotaribeiro,/guided-meditations/g6c4c8g7c3b6s3b6r5e4k8g9f9g3k4b4p7u4c4m3,108,2022-12-14 04:45:53.274987,meditation found
188,manuelamotaribeiro,/guided-meditations/c7k0j5e0h1f6z3y6d2j3a7v7s3d5h5c8e3s9m3p6,108,2022-12-14 04:45:53.274987,meditation found
189,manuelamotaribeiro,/guided-meditations/w8u0t1f6h5n4z1p9f4w3r4n5b3g6w1t5z4s8v4e0,108,2022-12-14 04:45:53.274987,meditation found
190,manuelamotaribeiro,/guided-meditations/q4w6s4u1p3a9v8j2d3z1v8b7k8m6m9h9x3a7k3s7,108,2022-12-14 04:45:53.274987,meditation found
191,maddielynch,/guided-meditations/v3k8t0l6u5x8h0v5g8r5q0g8m1a9k9c0y6x9w3g9,108,2022-12-14 04:46:15.183884,meditation found
192,maddielynch,/guided-meditations/y6b8y5v9b4q1t8t8u6k2n6d4u1d4t8h0n8z0v1a7,108,2022-12-14 04:46:15.183884,meditation found
193,mateayoga,/guided-meditations/y6c6f3b6g0q9h4y1q4c2t9k1t9k4a2t8q4h1r7c0,108,2022-12-14 04:46:39.071887,meditation found
194,mateayoga,/guided-meditations/u9w2y1p1k2p0s3a9k0u7f3r2h4n3u6k5d6a0b4l6,108,2022-12-14 04:46:39.087625,meditation found
195,mateayoga,/guided-meditations/c2g2z1j4g2m1x3p5u8c0e4s3q1t0x5g6w4q0q9v6,108,2022-12-14 04:46:39.087625,meditation found
196,maren,/guided-meditations/t4c3g3h5g1w1t4z1c8v5n7d2d1f4f5m3d7w0e2v5,108,2022-12-14 04:47:00.836947,meditation found
197,marciobelo,/guided-meditations/v8s1z6r2d7d7n3b4v5p2p1l4r4m3x3x9w4h2k6d6,108,2022-12-14 04:47:23.224359,meditation found
198,marciobelo,/guided-meditations/e9f4n4j5k5e8v0d9k6y0e6s2z5c5v1g4w1f8u0p8,108,2022-12-14 04:47:23.224359,meditation found
199,marciobelo,/guided-meditations/k0l2h4m7v6b9y4y7w6f8y0m4f2f8p7h6q5r2q1z1,108,2022-12-14 04:47:23.224359,meditation found
200,marciobelo,/guided-meditations/q3w5x9n2k7b2m0w9n9w0f4z9r0p4m8u9n6l7j8u4,108,2022-12-14 04:47:23.224359,meditation found
201,michelle80,/guided-meditations/f2g4x4f8r8t1m6g5k2j8d5d1k9c3s7z0c0b2h9b5,108,2022-12-14 04:47:47.315618,meditation found
202,michelle80,/guided-meditations/l1k2b0y3g2t3e1b8a1k7e6a0t7e0e3d6h3g8r1h4,108,2022-12-14 04:47:47.315618,meditation found
203,michellechamberlain,/guided-meditations/j4u3s1l9b4j1p6y1w1b4j0e8t1s2q3p3q1m4k1z5,108,2022-12-14 04:48:09.718492,meditation found
204,michellechamberlain,/guided-meditations/t7z8l8x9g8b2b1j1b8u4j7j9x1v1q7b3t2v7m0e3,108,2022-12-14 04:48:09.719440,meditation found
205,michellechamberlain,/guided-meditations/p6b6r4q0s9b4j9d4g0z0p5a5k0p7n0h0z3m8c9b2,108,2022-12-14 04:48:09.720498,meditation found
206,michellechamberlain,/guided-meditations/u7n9b1g5d0k8g2q5s5p4y7y8y8p4z1y5z7m9p5f7,108,2022-12-14 04:48:09.721488,meditation found
207,michellechamberlain,/guided-meditations/e3b2w2t3m0e3k8f3j8z8p2q6c6u0g2r5e0q3r5t5,108,2022-12-14 04:48:09.721488,meditation found
208,michellechamberlain,/guided-meditations/p3y0q6u0m9k7b3d2u5r5u2l7z4w7y9p3n6g1f7h7,108,2022-12-14 04:48:09.722499,meditation found
209,michellechamberlain,/guided-meditations/u0d8l3p7v3t2p7t1y9s5t6a1s2n7p9n6m9v6k3a5,108,2022-12-14 04:48:09.723613,meditation found
210,michellechamberlain,/guided-meditations/e3r1u0z9w4h9j0s5n5v4y7m3f4w5v3p3z2x1r9x9,108,2022-12-14 04:48:09.723613,meditation found
211,michellechamberlain,/guided-meditations/e4z8b3n9a4h0t4j6k3u4d5b9b6p4c3a5v0c1l0x8,108,2022-12-14 04:48:09.723613,meditation found
212,michellechamberlain,/guided-meditations/q8j4x4n1l1u4x6p2m3b3m6v4s3w2j4h5z4c2q1v8,108,2022-12-14 04:48:09.723613,meditation found
213,michellechamberlain,/guided-meditations/b3g6z8x9g5b9v6p3r5m1n6l1c7g8m4f8f7m0m5p5,108,2022-12-14 04:48:09.723613,meditation found
214,michellechamberlain,/guided-meditations/k9q4t2l0k4e3k9r9m1m2n6g3a1t5a0g4b1x0q8b6,108,2022-12-14 04:48:09.723613,meditation found
215,michellechamberlain,/guided-meditations/b7e4k8x7t2a4g2x3n6n5u3l7t6q2r8c5x6e0b8u0,108,2022-12-14 04:48:09.723613,meditation found
216,michellechamberlain,/guided-meditations/c5e6u7b9a4r0x9m6w5j3r8w2u6x4s1y3u0r9p6n9,108,2022-12-14 04:48:09.723613,meditation found
217,undefined,,108,2022-12-14 04:48:28.419079,page not found
218,markus,/guided-meditations/w0q7w2g4n8r1h8f6z6e5k6b2g5b6g1v6g3w9r6y5,108,2022-12-14 04:48:50.179506,meditation found
219,moniquevdsteeg,/guided-meditations/h4b1g5a5d4a3g7s2n4s0t8p2j5u2j2v4q6m0z2w1,108,2022-12-14 04:49:16.057855,meditation found
220,moniquevdsteeg,/guided-meditations/e8j7t6e4k6t5z1r4a2u8a5e5m6k5r4c5g0r1p1s7,108,2022-12-14 04:49:16.057855,meditation found
221,moniquevdsteeg,/guided-meditations/d6z2z7w1b2s6p8h6p7g4t7s6g7u5b3j8g1k9n1n0,108,2022-12-14 04:49:16.057855,meditation found
222,moniquevdsteeg,/guided-meditations/m1p9p8x0k6h3y2q3g1c9z2a5q2u3n3x5q2f7h4f7,108,2022-12-14 04:49:16.057855,meditation found
223,moniquevdsteeg,/guided-meditations/x8r4q3n5f4n1w9x8z3b6y3y5f6n7c7m3w7g4q5k1,108,2022-12-14 04:49:16.057855,meditation found
224,moniquevdsteeg,/guided-meditations/r4e6c9j9f6z7s9g6n8q9g8y9w9k7n0r3t1r1x8g9,108,2022-12-14 04:49:16.057855,meditation found
225,moniquevdsteeg,/guided-meditations/y2t1m5f1t3c4q6n9m3s7w9g0e2p9d2h4x7k0f9v9,108,2022-12-14 04:49:16.057855,meditation found
226,moniquevdsteeg,/guided-meditations/n1e4d7s9z4x5p6b2m9q4w1n5e0s7l1w8x2a1p9m1,108,2022-12-14 04:49:16.057855,meditation found
227,fwss,/guided-meditations/n4a1j4g2n9q3y3f8n0g5q0t6s5t3v4e3t4w5e8u4,108,2022-12-14 04:49:38.993103,meditation found
228,fwss,/guided-meditations/u0w9d4v2g4x4s0k3v7e8b5x7p9q5d8x4q2d7s0z5,108,2022-12-14 04:49:38.993103,meditation found
229,meditationmal,/guided-meditations/g6r9d2t2n2s4j0a1j6t8w8g7z1k7m4a9v6a0r1z7,108,2022-12-14 04:50:02.777054,meditation found
230,meditationmal,/guided-meditations/b0q6v7r3z5b6c1m2w1u4k9y4j2u5m3l2s8s6m8j0,108,2022-12-14 04:50:02.792695,meditation found
231,meditationmal,/guided-meditations/q1w0p1j3n3m1s5e0h9q8y5e5j7a6p0e7w5h2a9v4,108,2022-12-14 04:50:02.792695,meditation found
232,meditationmal,/guided-meditations/f2w2c1g7k2h9u8q8t2t1x4a5d6c6b0x5r7m5p3d1,108,2022-12-14 04:50:02.792695,meditation found
233,meditationmal,/guided-meditations/g1c3c1l5a1v9c5e9e9h2r0a5c3s7d2k0c8e8d5v9,108,2022-12-14 04:50:02.792695,meditation found
234,meditationmal,/guided-meditations/c6a3w2y5z5n8p8h5g7t4a3d2h2q5g7b7z6e0b2r1,108,2022-12-14 04:50:02.792695,meditation found
235,breathewithm,/guided-meditations/m7m6c7d9c2f0v7p5v5a9z7b1q0h2a7e6h4g8j8a8,108,2022-12-14 04:50:24.595457,meditation found
236,meditationandmiracles,/guided-meditations/u4k2v7d8p4l8u9q9z2k5e3a8j8s6m8h5e2x1e1x8,108,2022-12-14 04:50:46.313885,meditation found
237,meditationandmiracles,/guided-meditations/k1h5a2m2x7d9t7w0u5m2u6z4z6r7b7y4f8j3b2j6,108,2022-12-14 04:50:46.313885,meditation found
238,nectarmeditations,/guided-meditations/v3q1k9j3d2y7v8p4p9m8m0x8q7x2q4w0t2h0a3x3,108,2022-12-14 04:51:10.210219,meditation found
239,marielleloe,/guided-meditations/u3c0h2p8d8m1g2w9l9m7g6b0d2j6p4r5s1n3d0e2,108,2022-12-14 04:51:54.426763,meditation found
240,marielleloe,/guided-meditations/x2u5n1t8q3n4w5b3e6t0h3j2h1e9g7p6h6v7p2r5,108,2022-12-14 04:51:54.428741,meditation found
241,martenroebel,/guided-meditations/x8r9j4p2p8z0z5a0g0k0x0l2j9f9f6f3k2g8e6b1,108,2022-12-14 04:52:16.921108,meditation found
242,megmarianne,/guided-meditations/m9c0z0r5g6a6d8m2a7t1p5u4x1d5z2k7d7y7u6m7,108,2022-12-14 04:52:40.921310,meditation found
243,mariebellepr,/guided-meditations/b1r5w8u1z4a3u1q5k8y3w9v1x4l8h6m1b6u1z7s8,108,2022-12-14 04:53:03.039948,meditation found
244,bodymonk,/guided-meditations/b9b9y9g0u0u9v4v3n7b1d4n5n0p3u9r3c3p1q2r6,108,2022-12-14 04:53:25.195139,meditation found
245,bodymonk,/guided-meditations/j3h9g0x0y2h8f4m1x1t5n9g2u0s7t6p3v4u9f4n0,108,2022-12-14 04:53:25.195139,meditation found
246,bodymonk,/guided-meditations/q4q0e2a9r6d7w3j7j1h0z8e4y0d6a7w2x3v2y0p1,108,2022-12-14 04:53:25.195139,meditation found
247,bodymonk,/guided-meditations/t0e4h4z6t0c1q3m4j9p1y3v1p1v3z2h9z7q6t3v5,108,2022-12-14 04:53:25.195139,meditation found
248,margomckinley,/guided-meditations/r1q6g8c4e9s8w1a6n5x0z1m2d9u2n6d8t6p6u7j3,108,2022-12-14 04:53:51.334184,meditation found
249,margomckinley,/guided-meditations/z9z0v8x5q9l9f8v1h3k4s0t6k2r9s1v1e9g8a9v8,108,2022-12-14 04:53:51.334184,meditation found
250,margomckinley,/guided-meditations/k0r3s5p7n1y6e0w5g3f0g5n9j7n7q6h9z9q6p8z7,108,2022-12-14 04:53:51.334184,meditation found
251,margomckinley,/guided-meditations/s9w6x3s6z2h7f9d6k6z5e0q6q2p2y5k5p6u6z0t4,108,2022-12-14 04:53:51.334184,meditation found
252,margomckinley,/guided-meditations/u7v9q3c5p4j7v1e9r9y2d7w4d3u4c1z0v9l7v5b5,108,2022-12-14 04:53:51.334184,meditation found
253,riversjourney,/guided-meditations/f5a1t7p6r0z0x9b5u9b0r7v4v3w7f7e3j8n1u7h0,108,2022-12-14 04:54:13.540069,meditation found
254,riversjourney,/guided-meditations/y7w2q2q2u4h9y9t2f6u0c3a7x5r2u1f5h4q7l6y5,108,2022-12-14 04:54:13.542068,meditation found
255,riversjourney,/guided-meditations/a9a6a0r8a7f1f9r3j5n3g8z2k7j9k2e4e3f6v8w7,108,2022-12-14 04:54:13.543065,meditation found
256,riversjourney,/guided-meditations/p9u4m4l1h0j8r4b3y7e8b3b0j2s7k7j3l3p1t1m3,108,2022-12-14 04:54:13.544065,meditation found
257,riversjourney,/guided-meditations/h5l5c9z6b4x5a7t8w9r0m1t0g1h7v5w6w9r2s6w9,108,2022-12-14 04:54:13.545064,meditation found
258,riversjourney,/guided-meditations/k1h1m2x2j0h2d2a0e9q1v4u9u4m5y3v1l5z2g8e4,108,2022-12-14 04:54:13.545064,meditation found
259,riversjourney,/guided-meditations/j3t3m3t9w2h0f1y9h1c3g8u1s1p0r0x5q1a6u7e0,108,2022-12-14 04:54:13.546063,meditation found
260,breathewithmaggie,/guided-meditations/b4z6p6c4p2v6v6u0r8u5j3g4y2u7f3j7l0e2x8b5,108,2022-12-14 04:54:35.560335,meditation found
261,breathewithmaggie,/guided-meditations/u1w8k1l6x1e2v7h2g3z8a2g6r2u6z7f0a9d9c1v0,108,2022-12-14 04:54:35.560335,meditation found
262,breathewithmaggie,/guided-meditations/h0j9a5e3m7f9j7c9k7v9h3k8p3x7e0m9v7e3c0n4,108,2022-12-14 04:54:35.560335,meditation found
263,breathewithmaggie,/guided-meditations/a2g7d6u1m3e0j9k0m2j8x2f6k3d0z3h5h9y6s7v3,108,2022-12-14 04:54:35.560335,meditation found
264,meganlammam,/guided-meditations/q4j9z9f4m4q3x7x1x7t8t0c3m4k8s7n7q9m2v2r4,108,2022-12-14 04:55:00.270406,meditation found
265,meganlammam,/guided-meditations/r1k7f2w4n0q4r7d0r1n6p9s8d8m9d4q0y9j1r4r8,108,2022-12-14 04:55:00.270406,meditation found
266,meganlammam,/guided-meditations/a4e5u5a4t3a5r7v2q1y1m9p3d6f9a5k3d8b0p7w8,108,2022-12-14 04:55:00.270406,meditation found
267,meganlammam,/guided-meditations/w0x4z2s7j0s0j7k0n6y5b8u4c9r9n8b7j9a4a4u9,108,2022-12-14 04:55:00.270406,meditation found
268,meganlammam,/guided-meditations/b3f0z8p4k8k8g2w2c4z8e1m3m8y4q7e3a7w1a1v0,108,2022-12-14 04:55:00.270406,meditation found
269,meganlammam,/guided-meditations/n0s2f8q8h1q1l3h7y8c4w3a5y9y7u2p1w3u5w0n0,108,2022-12-14 04:55:00.270406,meditation found
270,margot,/guided-meditations/l9m5j9x1b3n3v7t1d6f0f9f3y4y9j8n2g3x4x3j8,108,2022-12-14 04:55:22.084871,meditation found
271,margot,/guided-meditations/b3g9x8n1x0r7p3s6q6d0d6r7g4z8z2p1q2z1m7q7,108,2022-12-14 04:55:22.084871,meditation found
272,michelletao,/guided-meditations/b0f3x4q7z7y3h3r7d2r6h1y7d6s5x2x7d5j7c5s4,108,2022-12-14 04:55:44.751184,meditation found
273,michelletao,/guided-meditations/b1z8c0r9j4w0v5e4e9n6n4z8q9f3b9g2a4c6c3w3,108,2022-12-14 04:55:44.766697,meditation found
274,michelletao,/guided-meditations/y7b3y1y9l4n7x1f8v5x7n6f3z2e5x4v5k8b4j8n3,108,2022-12-14 04:55:44.766697,meditation found
275,michelletao,/guided-meditations/p7u6r7w5a5h9n7g7m1x8u6c7h0f7e5j1s9m0u6r2,108,2022-12-14 04:55:44.766697,meditation found
276,michelletao,/guided-meditations/w5h3f6u9s5y9b1c0k3d6f4m3k7u7z2p1w4a3c8f3,108,2022-12-14 04:55:44.766697,meditation found
277,michelletao,/guided-meditations/a3x7d0e8b5d1v7y9n0n5e9a1c5k8u2v2t6z8f5g6,108,2022-12-14 04:55:44.766697,meditation found
278,michelletao,/guided-meditations/s6x6d7c2u7d9c9c5u9g9j2j3x9r3f1c9s2p0x3c7,108,2022-12-14 04:55:44.766697,meditation found
279,michelletao,/guided-meditations/s0h1r2d0z1v8j1k5p8t2q6t9a7l8x6j6v2m8e2k6,108,2022-12-14 04:55:44.766697,meditation found
280,marjanabadie,/guided-meditations/s8p8j7n7d9w9p6f7x8s6b5v1q6d4a6g2g9c9p0z4,108,2022-12-14 04:56:08.731177,meditation found
281,marjanabadie,/guided-meditations/u2s6j6e1m9w8l2k7g3p4y4r8e6g3q5u5j2j6b2t5,108,2022-12-14 04:56:08.746797,meditation found
282,marjanabadie,/guided-meditations/c2y1c1d8g0z0c3s5p5u2t1u2k5x9p6d4z6v0u4h5,108,2022-12-14 04:56:08.746797,meditation found
283,mgkflo,/guided-meditations/d4j0p3m2c5d8d1s1g4m6u1c8p1b2x8n2w1y2j4n4,108,2022-12-14 04:56:30.584576,meditation found
284,mgkflo,/guided-meditations/s5d9q2t8z0d6g4k2e3v9z1a3v5b0c6s6k6b5w1y3,108,2022-12-14 04:56:30.600273,meditation found
285,romashko,/guided-meditations/f9c7v3e5c3p1b4w5b5p7s6z5k7k8v5c4n2n7r8m2,108,2022-12-14 04:56:52.645682,meditation found
286,romashko,/guided-meditations/d8b6t6y9y0r3f8n2q1f9n9y3c4f2d4g3w9s8n3b8,108,2022-12-14 04:56:52.645682,meditation found
287,marylunayoga,/guided-meditations/l5b6b9a5g6g4y3b9x4d5l6b2x7s4b1c7h0l7y1k7,108,2022-12-14 04:57:14.443879,meditation found
288,kosika,/guided-meditations/g6m3g6c9r9j5c0t2q9w9a7y1d3e5u6h3t1b7t1t3,108,2022-12-14 04:57:40.446751,meditation found
289,martajimenez,,108,2022-12-14 04:57:59.184506,meditations not found
290,mo-network,/guided-meditations/z8w3b3x1c7q5q2r9z6w6p3t3k1w4g4d4b3d4x0w1,108,2022-12-14 04:58:23.427754,meditation found
